date,emae_yoy_pct,agricultura_pct,mineria_pct,industria_pct,comercio_pct,construccion_pct,financiero_pct,transporte_pct
2024-07-01,-0.36711797108148,25.38202360746542,5.831593942797153,-5.587582333259055,-4.90970945818896,-13.06904463569526,-2.278578185049729,1.2734628535077563
2024-08-01,-3.05480790831709,6.049595929114582,6.542720460536122,-6.425242072443959,-6.610252162572849,-16.55441555662833,-3.2065809074680707,-1.7821108109145611
2024-09-01,-2.43623953413493,4.42632786193029,8.439369432347931,-6.222018230556758,-5.9342470692576255,-15.251865642763862,0.004124675125116717,-0.18771253184083347
2024-10-01,0.40004915625995,4.031302059613151,8.592467614238153,-1.5991301489598153,-0.06160339777170343,-14.759007417946501,0.4510121326793959,1.5981916226143644
2024-11-01,1.23824683762279,2.7982388430906724,7.907897570013578,-1.450902579322011,0.6039924579480438,-14.478003756590985,7.601678755177321,1.2037693004909755
2024-12-01,6.6993062483454695,9.61260021148398,7.450472194700741,7.869129341350156,9.280331577999966,-7.016121832188881,16.602005081771566,3.0795803240089237
2025-01-01,6.6412685560468505,2.888797328987436,8.673768139141181,6.178369307495624,9.028065361143355,2.556085980739131,25.782123631514906,2.8284333566252373
2025-02-01,5.94923270861236,6.248907464496223,5.225322604900695,5.055156423417362,6.843601728730109,4.55902291325434,29.58086953881103,2.9200296764373634
2025-03-01,5.76868414651829,7.706317121524919,5.782606699377624,4.346575602538261,7.3349116517277935,10.840741841466329,29.07266740759733,1.9550138267584671
2025-04-01,7.93319811175545,7.055673839327636,4.641433322177346,8.249393458472444,14.360362131002692,16.12263261201845,27.856004604511654,2.3816870017674407
2025-05-01,5.29788912605646,4.852754768426815,4.7506858902494065,5.541080337970872,9.05125844809147,6.137915991228171,25.77093162850432,0.9090818307048165
2025-06-01,6.40083840784975,5.138349320739888,11.211843202427652,8.296343339486478,10.371261584941083,9.11518632541064,27.954201296256144,1.5154946698339167
2025-07-01,2.75272804187673,1.7416877994942181,13.457150476125168,-1.064829728189276,0.9913349062733001,0.8443659462049835,21.569792879672466,0.9226733628965533
2025-08-01,2.10139539320965,-0.4929094453516303,9.436000837849235,-4.6437154270211,-3.014635553683509,-0.7046671119574799,24.99170940021167,2.753909094610929
2025-09-01,4.77044573282217,1.4358947184160753,8.048071897021035,-0.7500035735566346,0.5625643055895191,2.430746003178008,38.840077746379386,2.7763612574763563
2025-10-01,3.19366486393801,5.677449625741482,8.165722442623501,-2.9312082846862486,0.1572461777944456,3.724594182843499,23.4665539920093,2.642251703372578
2025-11-01,-0.14099497946528,11.480529767934033,7.204222215985667,-8.163827396974588,-6.038851723636229,-2.6870254823110007,14.490211163367661,1.8554060398592975
2025-12-01,3.48061505256742,32.01690919973898,9.795624042610495,-4.154987642183783,-1.2319000455576545,-0.16213131509922318,14.217634683247105,1.8409628184909321
2026-01-01,2.003595992128,23.730338949576634,10.456828160321852,-2.3806063918215603,-1.458510222124576,-0.34349543992426845,7.006134817885168,2.432621415342595
2026-02-01,-1.462540543372,7.652448673910328,10.112741865730236,-8.427644572140592,-3.631102137657216,-0.290565476446758,6.061794547122501,-0.7176483270446843
2026-03-01,6.20132874690573,19.989715553700528,16.394257885793383,5.256033159003293,4.061037111783139,8.243373039475932,9.318190878948297,5.014528577485966
2026-04-01,1.74845090188364,10.359497553131614,17.30848995609402,-2.533193473501638,-2.89173107081091,-0.5181185950761669,4.493457661353206,1.988506451900074
2026-05-01,0.35955416507964,4.100531036791,16.368263487005663,-5.596088439385571,-3.942215561754414,3.258419937979329,1.4827642084275006,0.6999666571175345
2026-06-01,2.69413019801598,4.617273296235336,15.573552511934174,1.891152481117775,0.8443884402376645,2.801679131789858,5.078615334755554,1.5484608616026074
