date,exports_usd_bn,imports_usd_bn,trade_balance_usd_bn
2024-09-01,6.95288047943,5.97095870549,0.9819217739399999
2024-10-01,7.0322499901399995,6.12046379453,0.9117861956099995
2024-11-01,6.52600222519,5.24907209284,1.2769301323500004
2024-12-01,7.04901924352,5.36741141389,1.6816078296299999
2025-01-01,5.91484804218,5.75275016151,0.1620978806700002
2025-02-01,6.1397040570999994,5.86428756064,0.2754164964599992
2025-03-01,6.6423469731900004,6.01884797559,0.6234989976000005
2025-04-01,6.674330684169999,6.459959189139999,0.21437149502999997
2025-05-01,7.09518297927,6.48797000892,0.60721297035
2025-06-01,7.2752606452399995,6.39591011981,0.8793505254299996
2025-07-01,7.76055566787,6.85367165011,0.9068840177600004
2025-08-01,7.90301224252,6.462720701489999,1.4402915410300006
2025-09-01,8.12818217162,7.191133461860001,0.93704870976
2025-10-01,7.9626346462,7.1499709975200005,0.8126636486799992
2025-11-01,8.13273134848,5.5979924812899995,2.5347388671900006
2025-12-01,7.48240736019,5.55590492346,1.9265024367299999
2026-01-01,7.24529604746,5.056670157249999,2.188625890210001
2026-02-01,5.96333901811,5.16657388213,0.7967651359800003
2026-03-01,8.69708512642,6.1158952783,2.5811898481199993
2026-04-01,8.915936373180001,6.20313971368,2.7127966595000013
2026-05-01,9.577820381539999,6.12802645979,3.4497939217499987
2026-06-01,9.05498573695,6.8766616234299995,2.1783241135200004
2026-07-01,8.85385953346,6.7557314468200005,2.098128086639999
2026-08-01,9.05498573695,6.69599164386,2.3589940930899997
