date,emp_total_yoy_pct,emp_total_mom_pct,emp_industry_yoy_pct,emp_construction_yoy_pct,emp_services_yoy_pct
2016-06-01,0.4878678418469784,0.29633359884388977,,,
2016-07-01,0.1153316404184368,-0.06156699407404709,-2.6193621671008582,-10.855837239530352,-0.3003024765265594
2016-08-01,0.09576013239964709,0.17060725210436,,,
2016-09-01,0.1511732955552958,0.17970822270094722,,,
2016-10-01,0.1252095834473721,0.3408639503269528,-3.0249711764188336,-5.837505513039587,-0.4149610552936278
2016-11-01,0.3360898480636587,0.3421226987730952,,,
2016-12-01,0.710319598474296,0.18074916676942276,,,
2017-01-01,1.124867526190898,-0.05801230287113546,-2.6581306889753464,3.541162300079259,0.2407688926590712
2017-02-01,1.1122336675423394,-0.012225861507864089,,,
2017-03-01,1.2259259262356048,0.09281712669857445,,,
2017-04-01,1.1378853889337348,-0.32848615951608373,-2.089071823412414,8.534707616683757,0.6825201625785482
2017-05-01,1.4820535614975316,0.33150787438931406,,,
2017-06-01,1.528970793243145,0.3427026479668527,,,
2017-07-01,1.7663645653370308,0.17210780242067347,-1.6828797474372825,11.250861764557518,1.6308347994434147
2017-08-01,1.889094306287209,0.29141251749222885,,,
2017-09-01,2.0992986144032777,0.38638594810029847,,,
2017-10-01,2.2325424493414125,0.4718129548273664,-1.0970734098563084,11.789890411990655,1.8629532883568611
2017-11-01,2.2154539337504,0.3253501732436437,,,
2017-12-01,2.337452988926536,0.3003197040494676,,,
2018-01-01,2.2943866763073695,-0.10007054020493289,-0.9423253935828102,9.491178123503952,1.4994223323250955
2018-02-01,2.056213100913795,-0.24502891586866138,,,
2018-03-01,1.985214405980651,0.02318433147470156,,,
2018-04-01,2.0765234267691612,-0.23924863246580497,-1.436341498582161,6.318024775339226,1.2354266517399237
2018-05-01,1.602307502530076,-0.13460124786235372,,,
2018-06-01,1.1209025827364938,-0.1327341005431415,,,
2018-07-01,0.3599845189154127,-0.5816707376346875,-2.552818675158597,1.4496884271074872,-0.028079467068509167
2018-08-01,0.22013650954342268,0.15166006072464544,,,
2018-09-01,-0.3956559059501874,-0.23042797012629013,,,
2018-10-01,-0.9883006024067553,-0.12599317132744314,-4.148194041019282,-2.738785779705444,-1.0235651516176447
2018-11-01,-1.3941344298686653,-0.08586810803004052,,,
2018-12-01,-1.6799999870835025,0.00954180138370564,,,
2019-01-01,-1.6916385195605343,-0.11189609526309763,-4.73759090613648,-1.4018967957248218,-1.6010045374789117
2019-02-01,-1.4251640238796992,0.025366757612155233,,,
2019-03-01,-1.6920234096133302,-0.24759598751343814,,,
2019-04-01,-1.6172120736832274,-0.16333175021430169,-4.818728772992619,-2.2412766163437015,-2.063490445922811
2019-05-01,-1.562292069487059,-0.07885360913283401,,,
2019-06-01,-1.4978644206894876,-0.06737080360121883,,,
2019-07-01,-0.8432309201482524,0.07905167736901308,-4.029084376452607,-3.269142360933752,-1.5019113708681586
2019-08-01,-0.7735597597846144,0.22203026775664547,,,
2019-09-01,-0.5583244481489058,-0.014014533590367417,,,
2019-10-01,-0.354770003757654,0.07844624359911734,-3.8298461732177658,-8.27822239347804,-1.362609355598421
2019-11-01,-0.2493596235964679,0.019826731819327925,,,
2019-12-01,-0.1257229975542007,0.13349932460058334,,,
2020-01-01,-0.3825234712377279,-0.36873212119455934,-3.2856482218532768,-16.346217702493394,-1.4591749798191223
2020-02-01,-0.5073051047555621,-0.09992580240999471,,,
2020-03-01,-0.8394128262299572,-0.5805706209079942,,,
2020-04-01,-2.30149226907036,-1.635379712515006,-3.381613225212332,-28.052324955541874,-4.214817921253189
2020-05-01,-2.9901306479926726,-0.7831584943228109,,,
2020-06-01,-2.751347105535973,0.17860692388071975,,,
2020-07-01,-2.638418808256726,0.19526672573078052,-1.882323943115738,-26.94152540881167,-4.4564598172725844
2020-08-01,-2.5274358594097546,0.33627385667949206,,,
2020-09-01,-2.231482504633664,0.28957025552727167,,,
2020-10-01,-2.0738777950401466,0.23977460226571878,0.42674427028823736,-17.72455429000297,-4.147164711510687
2020-11-01,-1.8784903421878218,0.2193916562728715,,,
2020-12-01,-1.899333796125613,0.1122284739167867,,,
2021-01-01,-1.6225111791475788,-0.08759041875461282,1.8409503229958935,-7.541038182795978,-3.289933380252197
2021-02-01,-1.2222139441021906,0.30656682066303453,,,
2021-03-01,-0.18562561681700895,0.4627512039140358,,,
2021-04-01,1.7139805919871964,0.236635661818263,3.8277482362735205,12.552665597395452,0.5606433687980639
2021-05-01,2.614593907819196,0.09534422570391943,,,
2021-06-01,2.748171610381589,0.3090136004477495,,,
2021-07-01,2.749049379674373,0.19612268576427727,3.4038366945400966,18.811174489974157,1.161932890484474
2021-08-01,3.046015704144356,0.6262667533351918,,,
2021-09-01,3.3409993667873783,0.5766632067366606,,,
2021-10-01,3.538677354102804,0.43152034706925857,3.2239643993255296,17.9951004859354,2.630221407936828
2021-11-01,3.9254796892638,0.5937937223576384,,,
2021-12-01,4.492185077582711,0.6581402126204949,,,
2022-01-01,4.566394572886567,-0.01663344255481425,3.752264186765686,16.68360832366227,3.6223213243545827
2022-02-01,4.595293383761545,0.33428835123612277,,,
2022-03-01,4.560492748194855,0.42932553551568997,,,
2022-04-01,4.500725752075141,0.17934019144321134,4.156388898819108,16.97271975604373,4.083814571929789
2022-05-01,4.866095212591359,0.44531100016149683,,,
2022-06-01,5.1696944219330465,0.5994195429709359,,,
2022-07-01,5.520867510653016,0.5306884756025809,4.906424562023459,15.85919498711037,4.795771709700691
2022-08-01,5.248569477248721,0.36659930373821314,,,
2022-09-01,5.209178896950473,0.5390211452069638,,,
2022-10-01,5.196663464133189,0.41957325311015037,4.747594585195936,14.503401095935708,3.881534736404668
2022-11-01,5.285061429702753,0.6783238435721151,,,
2022-12-01,4.9882282705005165,0.3743518636087684,,,
2023-01-01,5.110508870693331,0.0998179565529389,4.324294471751267,13.249445734170795,3.0224712525415365
2023-02-01,4.958101546817484,0.18880641470193638,,,
2023-03-01,4.7241003716001595,0.205421140759543,,,
2023-04-01,4.492459407813687,-0.04224814238917851,3.560192138910101,10.73997722587523,2.567412989854212
2023-05-01,4.589189436780061,0.5382945311995124,,,
2023-06-01,4.371234223253273,0.3897786796538627,,,
2023-07-01,4.077656536674579,0.2479135599615656,3.0913560573671672,6.122502559794163,2.0977695415310693
2023-08-01,4.05186686370218,0.341729203281238,,,
2023-09-01,3.5857253466120786,0.0886168107535612,,,
2023-10-01,3.2768064750280157,0.12009664906551532,2.0162103894078687,-2.511486297123544,1.3866835967356161
2023-11-01,2.6899232081440294,0.10620677664860967,,,
2023-12-01,2.462960525577018,0.1525069985218952,,,
2024-01-01,1.8601640519485096,-0.489075990738419,0.17959435221983622,-14.439681824374595,-0.03591657824958405
2024-02-01,1.6620001509676685,-0.006105942828005251,,,
2024-03-01,1.0558006897134264,-0.39209289811513726,,,
2024-04-01,0.7628031832578763,-0.33206200606938907,-1.846734382101911,-20.460730749180055,-1.363404294464421
2024-05-01,0.11365393232318777,-0.10940835640755875,,,
2024-06-01,-0.33309805755840083,-0.058205502595898295,,,
2024-07-01,-0.5851740573210362,-0.005631925472915356,-2.796562909902056,-19.528215531530634,-2.051155677863725
2024-08-01,-0.7149116827981361,0.21078195713701842,,,
2024-09-01,-0.6915510495697386,0.11216650494514369,,,
2024-10-01,-0.7365483687068131,0.07473156695450012,-2.08336780660926,-14.464454109289216,-1.579468610341206
2024-11-01,-0.7871377128116586,0.055187924710375924,,,
2024-12-01,-3.6702431542892766,-2.7579043256592994,,,
2025-01-01,-3.4159715881115216,-0.2264074309064057,-1.4939628662445026,-3.95366042468962,-0.8084744695971202
2025-02-01,-3.422533743388023,-0.012899772721974845,,,
2025-03-01,-3.1892951260689695,-0.15153563950205395,,,
2025-04-01,-2.9677309120454853,-0.10395863285541651,-0.8427790565022963,1.4646381239420414,0.043149650947915674
2025-05-01,-2.832667793000565,0.02963337679562361,,,
2025-06-01,-2.714792187997761,0.06303585727132077,,,
2025-07-01,-2.762974135607632,-0.055155625038416645,-1.2026034996141632,1.6488612199933472,-0.1684739792811918
2025-08-01,-2.998175672301173,-0.03161264204015746,,,
2025-09-01,-3.0049218690773927,0.10520399285203208,,,
2025-10-01,-3.1485656071775003,-0.07347294825026385,-2.9023247729264456,0.746019742788695,-0.748450932343836
2025-11-01,-3.153022771634617,0.05058332148313305,,,
2025-12-01,-0.09404878308520992,0.3135497328233594,,,
2026-01-01,-0.17385604691391165,-0.3061089634808778,,,
2026-02-01,-0.14719119890813648,0.013808068776466342,,,
2026-03-01,-0.23319211120248484,-0.23753281003031645,,,
2026-04-01,-0.6555976282098475,-0.5269113151514127,,,
2026-05-01,-0.853017362502595,-0.16914806605552446,,,
