date,ipi_yoy_pct,ipi_mom_pct,ipi_food_yoy_pct,ipi_steel_yoy_pct,ipi_auto_yoy_pct,oil_yoy_pct,oil_mom_pct,gas_yoy_pct,gas_mom_pct,isac_cement_yoy_pct,isac_cement_mom_pct
2024-08-01,-6.425242072443959,1.98479248382617,1.6452840521421264,-9.864806101013212,-5.987899034114474,14.35318163990038,5.197668909029796,5.963383179630921,0.7422948680788632,-25.703522086332775,-6.6782231089723805
2024-09-01,-6.222018230556758,-3.030319083294808,6.902735247720271,-14.725006410179587,-5.570772962804416,15.131668774695605,-0.25197081276628897,2.784253461377695,-6.902304827907891,-12.585357124978014,11.600225299352296
2024-10-01,-1.5991301489598153,7.640729568721438,7.388796077859294,-12.25336088817155,7.066489714140989,12.52588835791788,3.645028112388915,5.701981737063799,-6.531850722617327,-21.261775444030572,-11.537090488971668
2024-11-01,-1.450902579322011,-2.6188161774580387,8.70999365634555,-4.585570789128979,0.37592324399498,12.735379817919256,-1.125886334794901,0.6702321497306762,-7.576297438343849,-13.358484944917281,5.15670171029341
2024-12-01,7.869129341350156,-6.431170972664601,8.538676382037469,0.24049602815732207,15.002226213254556,11.941328783489702,4.240630384048583,9.04173246244666,1.144768902149429,-9.11828212293483,0.9803470294518668
2025-01-01,6.178369307495624,-12.656450978614108,7.531134869262557,3.685500330079905,0.406810816809422,11.64863371660485,-1.3667615580943648,11.889444442369058,11.278288688481798,7.205603051938048,7.071940771821139
2025-02-01,5.055156423417362,0.9294617401608196,11.17512998536958,-16.58986984226898,10.391284221712183,7.408484550744188,-9.890542148439552,4.291486346772588,-5.582958273466588,7.524741384730493,-4.8286651724877565
2025-03-01,4.346575602538261,7.448566395727307,6.620418560486208,43.06192565544933,-4.6091648871741775,10.451182776914925,11.113661650724605,-0.6340220105743422,2.304984419913425,18.060414820209303,-3.7155554446089867
2025-04-01,8.249393458472444,2.528226422604196,8.175955002146962,17.447289788367137,-0.24286230200873948,9.056255307689254,-4.056117550837857,0.4137778735950448,-1.1165034336606317,26.025361765959133,3.316872440109764
2025-05-01,5.541080337970872,1.9215002025000594,2.9784550132565535,25.41375170893796,10.127677897602027,9.411604178759148,4.128590753065842,-1.6387657848744297,11.616556153916836,5.106083953975915,-3.2436050674831574
2025-06-01,8.296343339486478,-3.923498990834917,4.271912998459859,8.510367881129,16.7668240061708,17.273831934614982,0.3054642136697927,7.992736376929677,4.421941035968624,12.970428856211225,5.5850583794393005
2025-07-01,-1.064829728189276,7.255753395080533,-2.629300203014606,-4.141194327820852,-10.614783715129361,19.10002511196751,7.364401225609973,5.830435159224945,4.24795981734194,-2.9227341464754253,-4.182888798997664
2025-08-01,-4.6437154270211,-1.7044103983837822,-2.1013484104582036,-6.069113710041119,-9.205956107797997,14.891357855214338,1.4802726766782959,3.3106651203148596,-1.656329080482899,5.306959819062396,1.2331004885851593
2025-09-01,-0.7500035735566346,0.9292730684220096,1.312991835239763,-1.7728269964402465,-5.747886106382283,13.729902058613197,-1.2603401876417064,-5.823158022819408,-15.133186719385572,-5.390959964416764,0.2629854804266918
2025-10-01,-2.9312082846862486,5.2751227687380275,-1.1563101303091905,3.5985690621793687,-8.138679152841998,15.532569374568306,5.287845887288234,-6.900138269253187,-7.600726555880621,7.857972885144582,0.8511458502578728
2025-11-01,-8.163827396974588,-7.8682751914482925,-7.974433027186656,-1.7221998141376704,-20.12481773751793,12.378724790777017,-3.82498313103401,-3.900370020903887,-4.598315697176847,1.003806951837416,-1.5258036552501908
2025-12-01,-4.154987642183783,-2.3466971647736923,0.8802401811669913,20.89448667833882,-17.10258586102111,,,5.833285581847658,11.389432140994039,-2.0383003634930175,-2.0610537025956166
2026-01-01,-2.537523291537924,-11.182455897121901,-1.1967277029657497,0.8326836668483883,-22.62773691723877,,,-4.94357796788143,-0.05303232881467279,-5.057513098549704,3.7719473218805755
2026-02-01,-8.61121808026507,-5.360289623678948,-7.450842949990499,-13.30765129338528,-22.06565178796961,,,-3.2262057006709255,-3.8771376087836984,-4.5288111908169615,-4.298688889719782
2026-03-01,5.169775942365407,23.651299599242858,8.011495701473926,-14.681000196230476,10.434912808648233,,,6.0005141359559255,12.059065428800352,4.694726135824423,5.586551079973856
2026-04-01,-2.6028535671957953,-5.049177932540816,-2.14016697515923,-19.307162813157785,-4.010227408306455,,,2.8582020832024213,-4.047836414558137,-13.316669086542433,-14.45748058932067
2026-05-01,-5.607707382275895,-1.222936980097089,-3.0792155431546564,-3.216242087544119,-11.20363805851482,,,6.098896806007348,15.133195344373096,4.122412063920189,16.22199005067135
2026-06-01,1.9664382455252483,3.78578944651744,6.304736138928169,16.18416690741902,4.733290688720815,,,0.3160691627829282,-1.2694855986178144,-6.0701357005388035,-4.750667900940808
2026-07-01,-4.580186912942718,0.3695345014095519,-0.5071312024717556,5.364013456192929,0.29088497249272205,,,,,-7.465839258551965,-5.606634952781365
