date,oficial,blue,mep,ccl,brecha_ccl_pct,brecha_mep_pct
2026-05-27,1430.0,1440.0,1430.0,1482.22,3.65,0.0
2026-05-28,1430.0,1440.0,1429.73,1484.37,3.8,-0.02
2026-06-07,1460.0,1435.0,1458.79,1511.68,3.54,-0.08
2026-06-13,1450.0,1460.0,1448.2,1495.28,3.12,-0.12
2026-06-20,1480.0,1480.0,1478.02,1520.04,2.71,-0.13
2026-06-27,1495.0,1515.0,1499.3,1543.6,3.25,0.29
2026-07-04,1510.0,1515.0,1529.77,1575.46,4.34,1.31
2026-07-11,1510.0,1520.0,1567.51,1540.43,2.02,3.81
2026-07-18,1500.0,1530.0,1520.43,1565.73,4.38,1.36
2026-07-25,1520.0,1545.0,1532.78,1622.15,6.72,0.84
2026-08-01,1510.0,1560.0,1505.41,1580.51,4.67,-0.3
2026-08-08,1520.0,1525.0,1515.4,1599.46,5.23,-0.3
2026-08-15,1510.0,1545.0,1528.61,1614.08,6.89,1.23
2026-08-22,1520.0,1550.0,1528.13,1590.34,4.63,0.53
2026-08-29,1535.0,1555.0,1537.66,1610.67,4.93,0.17
2026-09-05,1530.0,1540.0,1525.67,1597.88,4.44,-0.28
2026-09-12,1530.0,1545.0,1539.77,1627.77,6.39,0.64
2026-09-19,1535.0,1550.0,1537.59,1632.44,6.35,0.17
2026-09-26,1545.0,1560.0,1549.17,1626.26,5.26,0.27
2026-10-03,1540.0,1560.0,1548.14,1632.93,6.03,0.53
2026-10-10,1535.0,1540.0,1545.41,1615.16,5.22,0.68
