date,reer_index,reer_percentile
2024-09-01,100.0,60.9
2024-10-01,99.37,56.5
2024-11-01,99.07,52.2
2024-12-01,98.44,43.5
2025-01-01,98.27,39.1
2025-02-01,96.96,34.8
2025-03-01,94.3,26.1
2025-04-01,100.14,65.2
2025-05-01,100.62,69.6
2025-06-01,98.91,47.8
2025-07-01,109.89,95.7
2025-08-01,105.63,78.3
2025-09-01,106.83,87.0
2025-10-01,110.22,100.0
2025-11-01,108.14,91.3
2025-12-01,105.77,82.6
2026-01-01,101.98,73.9
2026-02-01,96.46,30.4
2026-03-01,91.57,17.4
2026-04-01,89.16,8.7
2026-05-01,89.13,4.3
2026-06-01,91.99,21.7
2026-07-01,90.41,13.0
